<?xml version="1.0" encoding="UTF-8"?>
<project-private xmlns="http://www.netbeans.org/ns/project-private/1">
    <editor-bookmarks xmlns="http://www.netbeans.org/ns/editor-bookmarks/2" lastBookmarkId="0"/>
    <open-files xmlns="http://www.netbeans.org/ns/projectui-open-files/2">
        <group>
            <file>file:/C:/Users/Deepak/Documents/NetBeansProjects/AppletsTask/src/task/Task5CarGameDesign.java</file>
            <file>file:/C:/Users/Deepak/Documents/NetBeansProjects/AppletsTask/src/task/Task6DigitalClock.java</file>
            <file>file:/C:/Users/Deepak/Documents/NetBeansProjects/AppletsTask/src/task/Task3CarMove.java</file>
            <file>file:/C:/Users/Deepak/Documents/NetBeansProjects/AppletsTask/src/task/Task7KeyboardEvents.java</file>
            <file>file:/C:/Users/Deepak/Documents/NetBeansProjects/AppletsTask/src/task/Task2BallMove.java</file>
            <file>file:/C:/Users/Deepak/Documents/NetBeansProjects/AppletsTask/src/task/Task1CarDesign.java</file>
            <file>file:/C:/Users/Deepak/Documents/NetBeansProjects/AppletsTask/src/task/Task4CarImgMove.java</file>
        </group>
    </open-files>
</project-private>
