<?xml version="1.0" encoding="UTF-8"?>
<project-private xmlns="http://www.netbeans.org/ns/project-private/1">
    <editor-bookmarks xmlns="http://www.netbeans.org/ns/editor-bookmarks/2" lastBookmarkId="0"/>
    <open-files xmlns="http://www.netbeans.org/ns/projectui-open-files/2">
        <group>
            <file>file:/C:/Users/Deepak/Documents/NetBeansProjects/AppletsDemo/src/appletdemo/Demo3.java</file>
            <file>file:/C:/Users/Deepak/Documents/NetBeansProjects/AppletsDemo/src/appletdemo/Demo1.java</file>
            <file>file:/C:/Users/Deepak/Documents/NetBeansProjects/AppletsDemo/src/appletdemo/Demo4Image.java</file>
            <file>file:/C:/Users/Deepak/Documents/NetBeansProjects/AppletsDemo/src/appletdemo/Demo2.java</file>
        </group>
    </open-files>
</project-private>
